{"cameraMode":{"drawMode":0,"name":"Shaded","section":"Shading Mode"},"sceneLighting":false,"audioPlay":false,"sceneViewState":{"showFog":true,"showMaterialUpdate":false,"showSkybox":false,"showFlares":true,"showImageEffects":true,"showParticleSystems":true,"showVisualEffectGraphs":true,"m_FxEnabled":true},"in2DMode":false,"pivot":{"x":2.352797269821167,"y":0.5037078261375427,"z":4.507187843322754},"rotation":{"x":0.3314322233200073,"y":-0.0011338063050061465,"z":0.00038119134842418134,"w":0.9435179233551025},"size":0.39918726682662966,"orthographic":false}