{"cameraMode":{"drawMode":0,"name":"Shaded","section":"Shading Mode"},"sceneLighting":false,"audioPlay":false,"sceneViewState":{"showFog":true,"showMaterialUpdate":false,"showSkybox":false,"showFlares":true,"showImageEffects":true,"showParticleSystems":true,"showVisualEffectGraphs":true,"m_FxEnabled":true},"in2DMode":false,"pivot":{"x":1.6319210529327393,"y":0.503707766532898,"z":3.467189073562622},"rotation":{"x":0.3314322233200073,"y":-0.0011338063050061465,"z":0.00038119134842418134,"w":0.9435179233551025},"size":0.3963116407394409,"orthographic":false}